{
  "pays": "Brésil",
  "etats": [
    { "nom": "Acre", "capitale": "Rio Branco", "population_capitale": "430 000", "population_etat": "850 000" },
    { "nom": "Alagoas", "capitale": "Maceió", "population_capitale": "980 000", "population_etat": "3 150 000" },
    { "nom": "Amapá", "capitale": "Macapá", "population_capitale": "460 000", "population_etat": "750 000" },
    { "nom": "Amazonas", "capitale": "Manaus", "population_capitale": "2 150 000", "population_etat": "4 100 000" },
    { "nom": "Bahia", "capitale": "Salvador", "population_capitale": "2 500 000", "population_etat": "14 300 000" },
    { "nom": "Ceará", "capitale": "Fortaleza", "population_capitale": "2 550 000", "population_etat": "8 900 000" },
    { "nom": "District Fédéral", "capitale": "Brasília", "population_capitale": "3 050 000", "population_etat": "3 050 000" },
    { "nom": "Espírito Santo", "capitale": "Vitória", "population_capitale": "335 000", "population_etat": "3 950 000" },
    { "nom": "Goiás", "capitale": "Goiânia", "population_capitale": "1 480 000", "population_etat": "7 200 000" },
    { "nom": "Maranhão", "capitale": "São Luís", "population_capitale": "1 070 000", "population_etat": "6 850 000" },
    { "nom": "Mato Grosso", "capitale": "Cuiabá", "population_capitale": "670 000", "population_etat": "3 750 000" },
    { "nom": "Mato Grosso do Sul", "capitale": "Campo Grande", "population_capitale": "930 000", "population_etat": "2 850 000" },
    { "nom": "Minas Gerais", "capitale": "Belo Horizonte", "population_capitale": "2 380 000", "population_etat": "20 700 000" },
    { "nom": "Pará", "capitale": "Belém", "population_capitale": "1 350 000", "population_etat": "8 300 000" },
    { "nom": "Paraíba", "capitale": "João Pessoa", "population_capitale": "850 000", "population_etat": "4 050 000" },
    { "nom": "Paraná", "capitale": "Curitiba", "population_capitale": "1 850 000", "population_etat": "11 600 000" },
    { "nom": "Pernambouc", "capitale": "Recife", "population_capitale": "1 550 000", "population_etat": "9 150 000" },
    { "nom": "Piauí", "capitale": "Teresina", "population_capitale": "880 000", "population_etat": "3 300 000" },
    { "nom": "Rio de Janeiro", "capitale": "Rio de Janeiro", "population_capitale": "6 350 000", "population_etat": "16 300 000" },
    { "nom": "Rio Grande do Norte", "capitale": "Natal", "population_capitale": "770 000", "population_etat": "3 350 000" },
    { "nom": "Rio Grande do Sul", "capitale": "Porto Alegre", "population_capitale": "1 350 000", "population_etat": "11 000 000" },
    { "nom": "Rondônia", "capitale": "Porto Velho", "population_capitale": "480 000", "population_etat": "1 600 000" },
    { "nom": "Roraima", "capitale": "Boa Vista", "population_capitale": "435 000", "population_etat": "650 000" },
    { "nom": "Santa Catarina", "capitale": "Florianópolis", "population_capitale": "550 000", "population_etat": "7 800 000" },
    { "nom": "São Paulo", "capitale": "São Paulo", "population_capitale": "11 600 000", "population_etat": "45 000 000" },
    { "nom": "Sergipe", "capitale": "Aracaju", "population_capitale": "610 000", "population_etat": "2 250 000" },
    { "nom": "Tocantins", "capitale": "Palmas", "population_capitale": "320 000", "population_etat": "1 550 000" }
  ],
  "autres_grandes_villes": [
    { "ville": "Guarulhos", "etat": "São Paulo", "population": "1 310 000" },
    { "ville": "Campinas", "etat": "São Paulo", "population": "1 150 000" },
    { "ville": "São Gonçalo", "etat": "Rio de Janeiro", "population": "910 000" },
    { "ville": "Duque de Caxias", "etat": "Rio de Janeiro", "population": "820 000" },
    { "ville": "São Bernardo do Campo", "etat": "São Paulo", "population": "810 000" },
    { "ville": "Nova Iguaçu", "etat": "Rio de Janeiro", "population": "795 000" },
    { "ville": "Santo André", "etat": "São Paulo", "population": "755 000" },
    { "ville": "São José dos Campos", "etat": "São Paulo", "population": "710 000" },
    { "ville": "Osasco", "etat": "São Paulo", "population": "705 000" },
    { "ville": "Ribeirão Preto", "etat": "São Paulo", "population": "702 000" },
    { "ville": "Uberlândia", "etat": "Minas Gerais", "population": "700 000" },
    { "ville": "Sorocaba", "etat": "São Paulo", "population": "695 000" },
    { "ville": "Contagem", "etat": "Minas Gerais", "population": "680 000" },
    { "ville": "Joinville", "etat": "Santa Catarina", "population": "630 000" },
    { "ville": "Feira de Santana", "etat": "Bahia", "population": "625 000" },
    { "ville": "Londrina", "etat": "Paraná", "population": "565 000" },
    { "ville": "Juiz de Fora", "etat": "Minas Gerais", "population": "550 000" },
    { "ville": "Ananindeua", "etat": "Pará", "population": "485 000" },
    { "ville": "Belford Roxo", "etat": "Rio de Janeiro", "population": "485 000" },
    { "ville": "Niterói", "etat": "Rio de Janeiro", "population": "480 000" },
    { "ville": "Campos dos Goytacazes", "etat": "Rio de Janeiro", "population": "480 000" },
    { "ville": "Caxias do Sul", "etat": "Rio Grande do Sul", "population": "470 000" },
    { "ville": "Mogi das Cruzes", "etat": "São Paulo", "population": "460 000" },
    { "ville": "Piracicaba", "etat": "São Paulo", "population": "415 000" },
    { "ville": "Santos", "etat": "São Paulo", "population": "410 000" }
  ]
}