{
  "pays": "Inde",
  "data_source": "Estimations 2026 - Urban Economic Regions",
  "administration_territoriale": {
    "etats": [
      { "nom": "Andhra Pradesh", "capitale": "Amaravati", "pop_capitale": 800000 },
      { "nom": "Arunachal Pradesh", "capitale": "Itanagar", "pop_capitale": 65000 },
      { "nom": "Assam", "capitale": "Dispur (Guwahati)", "pop_capitale": 1350000 },
      { "nom": "Bihar", "capitale": "Patna", "pop_capitale": 2850000 },
      { "nom": "Chhattisgarh", "capitale": "Raipur", "pop_capitale": 1450000 },
      { "nom": "Goa", "capitale": "Panaji", "pop_capitale": 130000 },
      { "nom": "Gujarat", "capitale": "Gandhinagar", "pop_capitale": 350000 },
      { "nom": "Haryana", "capitale": "Chandigarh", "pop_capitale": 1250000 },
      { "nom": "Himachal Pradesh", "capitale": "Shimla", "pop_capitale": 220000 },
      { "nom": "Jharkhand", "capitale": "Ranchi", "pop_capitale": 1750000 },
      { "nom": "Karnataka", "capitale": "Bengaluru", "pop_capitale": 14100000 },
      { "nom": "Kerala", "capitale": "Thiruvananthapuram", "pop_capitale": 1150000 },
      { "nom": "Madhya Pradesh", "capitale": "Bhopal", "pop_capitale": 2750000 },
      { "nom": "Maharashtra", "capitale": "Mumbai", "pop_capitale": 21800000 },
      { "nom": "Manipur", "capitale": "Imphal", "pop_capitale": 320000 },
      { "nom": "Meghalaya", "capitale": "Shillong", "pop_capitale": 1750000 },
      { "nom": "Mizoram", "capitale": "Aizawl", "pop_capitale": 350000 },
      { "nom": "Nagaland", "capitale": "Kohima", "pop_capitale": 125000 },
      { "nom": "Odisha", "capitale": "Bhubaneswar", "pop_capitale": 1280000 },
      { "nom": "Pendjab", "capitale": "Chandigarh", "pop_capitale": 1250000 },
      { "nom": "Rajasthan", "capitale": "Jaipur", "pop_capitale": 4450000 },
      { "nom": "Sikkim", "capitale": "Gangtok", "pop_capitale": 115000 },
      { "nom": "Tamil Nadu", "capitale": "Chennai", "pop_capitale": 12100000 },
      { "nom": "Telangana", "capitale": "Hyderabad", "pop_capitale": 11200000 },
      { "nom": "Tripura", "capitale": "Agartala", "pop_capitale": 520000 },
      { "nom": "Uttar Pradesh", "capitale": "Lucknow", "pop_capitale": 4150000 },
      { "nom": "Uttarakhand", "capitale": "Dehradun", "pop_capitale": 1050000 },
      { "nom": "Bengale-Occidental", "capitale": "Kolkata", "pop_capitale": 15500000 }
    ]
  },
  "demographie_urbaine_2026": {
    "megalopoles_plus_10m": [
      { "ville": "Delhi", "population": 35500000, "etat": "Delhi (NCT)" },
      { "ville": "Mumbai (Bombay)", "population": 22500000, "etat": "Maharashtra" },
      { "ville": "Kolkata (Calcutta)", "population": 16100000, "etat": "Bengale-Occidental" },
      { "ville": "Bengaluru (Bangalore)", "population": 14700000, "etat": "Karnataka" },
      { "ville": "Chennai (Madras)", "population": 12600000, "etat": "Tamil Nadu" },
      { "ville": "Hyderabad", "population": 11600000, "etat": "Telangana" }
    ],
    "villes_tres_grandes_3m_10m": [
      { "ville": "Ahmedabad", "population": 9200000, "etat": "Gujarat" },
      { "ville": "Surat", "population": 8800000, "etat": "Gujarat" },
      { "ville": "Pune", "population": 7700000, "etat": "Maharashtra" },
      { "ville": "Jaipur", "population": 4500000, "etat": "Rajasthan" },
      { "ville": "Lucknow", "population": 4200000, "etat": "Uttar Pradesh" },
      { "ville": "Indore", "population": 3500000, "etat": "Madhya Pradesh" },
      { "ville": "Kanpur", "population": 3400000, "etat": "Uttar Pradesh" },
      { "ville": "Nagpur", "population": 3200000, "etat": "Maharashtra" },
      { "ville": "Coimbatore", "population": 3200000, "etat": "Tamil Nadu" }
    ],
    "villes_majeures_1m_3m": [
      { "ville": "Patna", "population": 2700000, "etat": "Bihar" },
      { "ville": "Bhopal", "population": 2700000, "etat": "Madhya Pradesh" },
      { "ville": "Agra", "population": 2500000, "etat": "Uttar Pradesh" },
      { "ville": "Visakhapatnam", "population": 2500000, "etat": "Andhra Pradesh" },
      { "ville": "Vadodara", "population": 2400000, "etat": "Gujarat" },
      { "ville": "Nashik", "population": 2400000, "etat": "Maharashtra" },
      { "ville": "Ludhiana", "population": 2100000, "etat": "Pendjab" },
      { "ville": "Raipur", "population": 1900000, "etat": "Chhattisgarh" },
      { "ville": "Varanasi", "population": 1800000, "etat": "Uttar Pradesh" },
      { "ville": "Srinagar", "population": 1800000, "etat": "Jammu-et-Cachemire" }
    ],
    "growth_centers_500k_1m": [
      { "ville": "Guntur", "population": 980000, "statut": "Urban Economic Region" },
      { "ville": "Puducherry", "population": 960000, "statut": "Urban Economic Region" },
      { "ville": "Bikaner", "population": 870000, "statut": "Urban Economic Region" },
      { "ville": "Amravati", "population": 840000, "statut": "Urban Economic Region" },
      { "ville": "Gorakhpur", "population": 830000, "statut": "Urban Economic Region" },
      { "ville": "Cuttack", "population": 820000, "statut": "Urban Economic Region" },
      { "ville": "Bhubaneswar", "population": 800000, "statut": "Urban Economic Region" },
      { "ville": "Jamshedpur", "population": 800000, "statut": "Urban Economic Region" },
      { "ville": "Jammu", "population": 770000, "statut": "Urban Economic Region" },
      { "ville": "Thane", "province": "Maharashtra", "census_2011": 1818872 },
      { "ville": "Pimpri-Chinchwad", "province": "Maharashtra", "census_2011": 1729359 },
      { "ville": "Ghaziabad", "province": "Uttar Pradesh", "census_2011": 1636068 },
      { "ville": "Faridabad", "province": "Haryana", "census_2011": 1404653 },
      { "ville": "Meerut", "province": "Uttar Pradesh", "census_2011": 1309023 },
      { "ville": "Rajkot", "province": "Gujarat", "census_2011": 1286995 },
      { "ville": "Kalyan-Dombivli", "province": "Maharashtra", "census_2011": 1246381 },
      { "ville": "Vasai-Virar", "province": "Maharashtra", "census_2011": 1221233 },
      { "ville": "Aurangabad", "province": "Maharashtra", "census_2011": 1171330 },
      { "ville": "Dhanbad", "province": "Jharkhand", "census_2011": 1161561 },
      { "ville": "Amritsar", "province": "Pendjab", "census_2011": 1132761 },
      { "ville": "Navi Mumbai", "province": "Maharashtra", "census_2011": 1119477 },
      { "ville": "Prayagraj", "province": "Uttar Pradesh", "census_2011": 1117094 },
      { "ville": "Haora", "province": "Bengale-Occidental", "census_2011": 1072161 },
      { "ville": "Jabalpur", "province": "Madhya Pradesh", "census_2011": 1054336 },
      { "ville": "Gwalior", "province": "Madhya Pradesh", "census_2011": 1053505 },
      { "ville": "Vijayawada", "province": "Andhra Pradesh", "census_2011": 1048240 },
      { "ville": "Jodhpur", "province": "Rajasthan", "census_2011": 1033918 },
      { "ville": "Madurai", "province": "Tamil Nadu", "census_2011": 1016885 },
      { "ville": "Kota", "province": "Rajasthan", "census_2011": 1001365 }
    ]
  }
}