{
  "pays": "Pérou",
  "regions_et_departements": [
    { "nom": "Lima (Province)", "capitale": "Lima", "population_capitale": "10 350 000", "population_totale": "10 350 000" },
    { "nom": "Callao", "capitale": "Callao", "population_capitale": "1 180 000", "population_totale": "1 180 000" },
    { "nom": "Arequipa", "capitale": "Arequipa", "population_capitale": "1 120 000", "population_totale": "1 580 000" },
    { "nom": "La Libertad", "capitale": "Trujillo", "population_capitale": "1 030 000", "population_totale": "2 150 000" },
    { "nom": "Lambayeque", "capitale": "Chiclayo", "population_capitale": "620 000", "population_totale": "1 350 000" },
    { "nom": "Piura", "capitale": "Piura", "population_capitale": "550 000", "population_totale": "2 120 000" },
    { "nom": "Loreto", "capitale": "Iquitos", "population_capitale": "465 000", "population_totale": "910 000" },
    { "nom": "Cusco", "capitale": "Cusco", "population_capitale": "455 000", "population_totale": "1 380 000" },
    { "nom": "Junín", "capitale": "Huancayo", "population_capitale": "420 000", "population_totale": "1 320 000" },
    { "nom": "Ancash", "capitale": "Huaraz", "population_capitale": "135 000", "population_totale": "1 210 000" },
    { "nom": "Puno", "capitale": "Puno", "population_capitale": "145 000", "population_totale": "1 250 000" },
    { "nom": "Cajamarca", "capitale": "Cajamarca", "population_capitale": "235 000", "population_totale": "1 480 000" },
    { "nom": "Ica", "capitale": "Ica", "population_capitale": "325 000", "population_totale": "1 020 000" },
    { "nom": "Tacna", "capitale": "Tacna", "population_capitale": "315 000", "population_totale": "385 000" },
    { "nom": "Huánuco", "capitale": "Huánuco", "population_capitale": "215 000", "population_totale": "780 000" },
    { "nom": "San Martín", "capitale": "Moyobamba", "population_capitale": "95 000", "population_totale": "930 000" },
    { "nom": "Ucayali", "capitale": "Pucallpa", "population_capitale": "365 000", "population_totale": "530 000" },
    { "nom": "Ayacucho", "capitale": "Ayacucho", "population_capitale": "195 000", "population_region": "685 000" },
    { "nom": "Apurímac", "capitale": "Abancay", "population_capitale": "85 000", "population_totale": "415 000" },
    { "nom": "Amazonas", "capitale": "Chachapoyas", "population_capitale": "38 000", "population_totale": "440 000" },
    { "nom": "Huancavelica", "capitale": "Huancavelica", "population_capitale": "52 000", "population_totale": "365 000" },
    { "nom": "Madre de Dios", "capitale": "Puerto Maldonado", "population_capitale": "105 000", "population_totale": "195 000" },
    { "nom": "Moquegua", "capitale": "Moquegua", "population_capitale": "82 000", "population_totale": "205 000" },
    { "nom": "Pasco", "capitale": "Cerro de Pasco", "population_capitale": "65 000", "population_totale": "285 000" },
    { "nom": "Tumbes", "capitale": "Tumbes", "population_capitale": "108 000", "population_totale": "265 000" }
  ],
  "classement_villes": [
    { "ville": "Lima", "region": "Lima", "population": "10 350 000" },
    { "ville": "Callao", "region": "Callao (Port de Lima)", "population": "1 180 000" },
    { "ville": "Arequipa", "region": "Arequipa", "population": "1 120 000" },
    { "ville": "Trujillo", "region": "La Libertad", "population": "1 030 000" },
    { "ville": "Chiclayo", "region": "Lambayeque", "population": "620 000" },
    { "ville": "Piura", "region": "Piura", "population": "550 000" },
    { "ville": "Iquitos", "region": "Loreto", "population": "465 000" },
    { "ville": "Cusco", "region": "Cusco", "population": "455 000" },
    { "ville": "Huancayo", "region": "Junín", "population": "420 000" },
    { "ville": "Chimbote", "region": "Ancash", "population": "385 000" },
    { "ville": "Pucallpa", "region": "Ucayali", "population": "365 000" },
    { "ville": "Ica", "region": "Ica", "population": "325 000" },
    { "ville": "Tacna", "region": "Tacna", "population": "315 000" },
    { "ville": "Juliaca", "region": "Puno", "population": "310 000" }
  ]
}