[{"geo_point_2d": {"lon": 1.4079796021171018, "lat": 43.60256818208117}, "geo_shape": {"type": "Feature", "geometry": {"coordinates": [[1.407979602117102, 43.60256818208117]], "type": "MultiPoint"}, "properties": {}}, "nom": "CARTOUCHERIE", "type": "Alimentaire", "adresse": "Pl. Charte des Libert\u00e9s Communales", "code_postal": 31555.0, "jours_de_tenue": "Dimanche", "lundi": null, "mardi": null, "mercredi": null, "jeudi": null, "vendredi": null, "samedi": null, "dimanche": null, "infobulle": "<strong><font color=\"#36454E\">CARTOUCHERIE</font></strong><br>Alimentaire<br>Pl. Charte des Libert\u00e9s Communales<hr>Jour(s) de tenue : Dimanche <hr>D\u00e9tail horaire(s) : <br><strong></strong><strong></strong><strong></strong><strong></strong><strong></strong><strong></strong><strong></strong>"},{"geo_point_2d": {"lon": 1.380516057090952, "lat": 43.557014527198625}, "geo_shape": {"type": "Feature", "geometry": {"coordinates": [[1.380516057090952, 43.557014527198625]], "type": "MultiPoint"}, "properties": {}}, "nom": "SAINT SIMON", "type": "Alimentaire", "adresse": "Place de l'Eglise Saint-Simon", "code_postal": 31100.0, "jours_de_tenue": "le mercredi", "lundi": null, "mardi": null, "mercredi": "07h00 - 13h30", "jeudi": null, "vendredi": null, "samedi": null, "dimanche": null, "infobulle": "<strong><font color=\"#36454E\">SAINT SIMON</font></strong><br>Alimentaire<br>Place de l'Eglise Saint-Simon<hr>Jour(s) de tenue : le mercredi <hr>D\u00e9tail horaire(s) : <br><strong></strong><strong></strong>Horaire mercredi : 07h00 - 13h30<br><strong></strong><strong></strong><strong></strong><strong></strong>"},{"geo_point_2d": {"lon": 1.4350609998922619, "lat": 43.62032900471852}, "geo_shape": {"type": "Feature", "geometry": {"coordinates": [[1.435060999892262, 43.62032900471852]], "type": "MultiPoint"}, "properties": {}}, "nom": "MINIMES", "type": "Alimentaire et forain", "adresse": "Place du March\u00e9 aux Cochons", "code_postal": 31200.0, "jours_de_tenue": "le jeudi", "lundi": null, "mardi": null, "mercredi": null, "jeudi": "07h00 - 13h30", "vendredi": null, "samedi": null, "dimanche": null, "infobulle": "<strong><font color=\"#36454E\">MINIMES</font></strong><br>Alimentaire et forain<br>Place du March\u00e9 aux Cochons<hr>Jour(s) de tenue : le jeudi <hr>D\u00e9tail horaire(s) : <br><strong></strong><strong></strong><strong></strong>Horaire jeudi : 07h00 - 13h30<br><strong></strong><strong></strong><strong></strong>"},{"geo_point_2d": {"lon": 1.428379142823527, "lat": 43.584796811995}, "geo_shape": {"type": "Feature", "geometry": {"coordinates": [[1.428379142823527, 43.584796811995]], "type": "MultiPoint"}, "properties": {}}, "nom": "CROIX DE PIERRE", "type": "Alimentaire", "adresse": "Place de la Croix-de-Pierre", "code_postal": 31100.0, "jours_de_tenue": "le mercredi", "lundi": null, "mardi": null, "mercredi": "07h00 - 13h30", "jeudi": null, "vendredi": "07h00 - 13h30", "samedi": null, "dimanche": null, "infobulle": "<strong><font color=\"#36454E\">CROIX DE PIERRE</font></strong><br>Alimentaire<br>Place de la Croix-de-Pierre<hr>Jour(s) de tenue : le mercredi <hr>D\u00e9tail horaire(s) : <br><strong></strong><strong></strong>Horaire mercredi : 07h00 - 13h30<br><strong></strong>Horaire vendredi : 07h00 - 13h30<br><strong></strong><strong></strong>"},{"geo_point_2d": {"lon": 1.4285877030696896, "lat": 43.59902147211217}, "geo_shape": {"type": "Feature", "geometry": {"coordinates": [[1.42858770306969, 43.59902147211217]], "type": "MultiPoint"}, "properties": {}}, "nom": "RAVELIN", "type": "Alimentaire et forain", "adresse": "Place du Ravelin", "code_postal": 31300.0, "jours_de_tenue": "le vendredi", "lundi": null, "mardi": null, "mercredi": null, "jeudi": null, "vendredi": "07h00 - 13h30", "samedi": null, "dimanche": null, "infobulle": "<strong><font color=\"#36454E\">RAVELIN</font></strong><br>Alimentaire et forain<br>Place du Ravelin<hr>Jour(s) de tenue : le vendredi <hr>D\u00e9tail horaire(s) : <br><strong></strong><strong></strong><strong></strong><strong></strong>Horaire vendredi : 07h00 - 13h30<br><strong></strong><strong></strong>"},{"geo_point_2d": {"lon": 1.4834968550591086, "lat": 43.596787379180135}, "geo_shape": {"type": "Feature", "geometry": {"coordinates": [[1.483496855059109, 43.596787379180135]], "type": "MultiPoint"}, "properties": {}}, "nom": "MARCHE DE L'HERS", "type": "Alimentaire", "adresse": "Avenue de Castres", "code_postal": 31500.0, "jours_de_tenue": "Mercredi", "lundi": null, "mardi": null, "mercredi": null, "jeudi": null, "vendredi": null, "samedi": null, "dimanche": null, "infobulle": "<strong><font color=\"#36454E\">MARCHE DE L'HERS</font></strong><br>Alimentaire<br>Avenue de Castres<hr>Jour(s) de tenue : Mercredi <hr>D\u00e9tail horaire(s) : <br><strong></strong><strong></strong><strong></strong><strong></strong><strong></strong><strong></strong><strong></strong>"},{"geo_point_2d": {"lon": 1.4535242804021524, "lat": 43.54853419341587}, "geo_shape": {"type": "Feature", "geometry": {"coordinates": [[1.453524280402152, 43.54853419341587]], "type": "MultiPoint"}, "properties": {}}, "nom": "POUVOURVILLE", "type": "Alimentaire", "adresse": null, "code_postal": 31400.0, "jours_de_tenue": "MERCREDI", "lundi": null, "mardi": null, "mercredi": null, "jeudi": null, "vendredi": null, "samedi": null, "dimanche": null, "infobulle": "<strong><font color=\"#36454E\">POUVOURVILLE</font></strong><br>Alimentaire<br><hr>Jour(s) de tenue : MERCREDI <hr>D\u00e9tail horaire(s) : <br><strong></strong><strong></strong><strong></strong><strong></strong><strong></strong><strong></strong><strong></strong>"},{"geo_point_2d": {"lon": 1.444449004944314, "lat": 43.60997799460365}, "geo_shape": {"type": "Feature", "geometry": {"coordinates": [[1.444449004944314, 43.60997799460365]], "type": "MultiPoint"}, "properties": {}}, "nom": "CRISTAL", "type": "Alimentaire", "adresse": "Boulevards de Strasbourg et d'Arcole", "code_postal": 31000.0, "jours_de_tenue": "du mardi au samedi", "lundi": null, "mardi": "07h00 - 13h30", "mercredi": "07h00 - 13h30", "jeudi": "07h00 - 13h30", "vendredi": "07h00 - 13h30", "samedi": "07h00 - 13h30", "dimanche": "07h00 \u2013 14h00", "infobulle": "<strong><font color=\"#36454E\">CRISTAL</font></strong><br>Alimentaire<br>Boulevards de Strasbourg et d'Arcole<hr>Jour(s) de tenue : du mardi au samedi et le dimanche<hr>D\u00e9tail horaire(s) : <br><strong></strong>Horaire mardi : 07h00 - 13h30<br>Horaire mercredi : 07h00 - 13h30<br>Horaire jeudi : 07h00 - 13h30<br>Horaire vendredi : 07h00 - 13h30<br>Horaire samedi : 07h00 - 13h30<br>Horaire dimanche : 07h00 \u2013 14h00<br>"},{"geo_point_2d": {"lon": 1.4549130561710022, "lat": 43.619309339811025}, "geo_shape": {"type": "Feature", "geometry": {"coordinates": [[1.454913056171002, 43.619309339811025]], "type": "MultiPoint"}, "properties": {}}, "nom": "BETEILLE", "type": "Alimentaire", "adresse": "Place Jean-Bories", "code_postal": 31500.0, "jours_de_tenue": "le mardi", "lundi": null, "mardi": "07h00 - 13h30", "mercredi": null, "jeudi": null, "vendredi": null, "samedi": null, "dimanche": null, "infobulle": "<strong><font color=\"#36454E\">BETEILLE</font></strong><br>Alimentaire<br>Place Jean-Bories<hr>Jour(s) de tenue : le mardi <hr>D\u00e9tail horaire(s) : <br><strong></strong>Horaire mardi : 07h00 - 13h30<br><strong></strong><strong></strong><strong></strong><strong></strong><strong></strong>"},{"geo_point_2d": {"lon": 1.412583985293554, "lat": 43.57892093957239}, "geo_shape": {"type": "Feature", "geometry": {"coordinates": [[1.412583985293554, 43.57892093957239]], "type": "MultiPoint"}, "properties": {}}, "nom": "FAOURETTE", "type": "Alimentaire et forain", "adresse": "Place Paul-Lambert", "code_postal": 31100.0, "jours_de_tenue": "le mardi et le vendredi", "lundi": null, "mardi": "07h00 \u2013 14h00", "mercredi": null, "jeudi": null, "vendredi": "07h00 \u2013 14h00", "samedi": null, "dimanche": null, "infobulle": "<strong><font color=\"#36454E\">FAOURETTE</font></strong><br>Alimentaire et forain<br>Place Paul-Lambert<hr>Jour(s) de tenue : le mardi et le vendredi <hr>D\u00e9tail horaire(s) : <br><strong></strong>Horaire mardi : 07h00 \u2013 14h00<br><strong></strong><strong></strong>Horaire vendredi : 07h00 \u2013 14h00<br><strong></strong><strong></strong>"},{"geo_point_2d": {"lon": 1.4453340346238768, "lat": 43.597573808157115}, "geo_shape": {"type": "Feature", "geometry": {"coordinates": [[1.445334034623877, 43.597573808157115]], "type": "MultiPoint"}, "properties": {}}, "nom": "CARMES", "type": "March\u00e9 couvert", "adresse": "Place des Carmes", "code_postal": 31000.0, "jours_de_tenue": "du mardi au dimanche", "lundi": null, "mardi": "07h00 - 13h30", "mercredi": "07h00 - 13h30", "jeudi": "07h00 - 13h30", "vendredi": "07h00 - 13h30", "samedi": "07h00 - 13h30", "dimanche": "07h00 - 13h30", "infobulle": "<strong><font color=\"#36454E\">CARMES</font></strong><br>March\u00e9 couvert<br>Place des Carmes<hr>Jour(s) de tenue : du mardi au dimanche <hr>D\u00e9tail horaire(s) : <br><strong></strong>Horaire mardi : 07h00 - 13h30<br>Horaire mercredi : 07h00 - 13h30<br>Horaire jeudi : 07h00 - 13h30<br>Horaire vendredi : 07h00 - 13h30<br>Horaire samedi : 07h00 - 13h30<br>Horaire dimanche : 07h00 - 13h30<br>"},{"geo_point_2d": {"lon": 1.4028623490865444, "lat": 43.57083285014938}, "geo_shape": {"type": "Feature", "geometry": {"coordinates": [[1.402862349086544, 43.57083285014938]], "type": "MultiPoint"}, "properties": {}}, "nom": "REYNERIE - FRIPES", "type": "Fripes", "adresse": "Rue de Kiev", "code_postal": 31100.0, "jours_de_tenue": "le mercredi", "lundi": null, "mardi": null, "mercredi": "07h00 - 13h30", "jeudi": null, "vendredi": null, "samedi": null, "dimanche": null, "infobulle": "<strong><font color=\"#36454E\">REYNERIE - FRIPES</font></strong><br>Fripes<br>Rue de Kiev<hr>Jour(s) de tenue : le mercredi <hr>D\u00e9tail horaire(s) : <br><strong></strong><strong></strong>Horaire mercredi : 07h00 - 13h30<br><strong></strong><strong></strong><strong></strong><strong></strong>"},{"geo_point_2d": {"lon": 1.4441731506075528, "lat": 43.594693586775946}, "geo_shape": {"type": "Feature", "geometry": {"coordinates": [[1.444173150607553, 43.594693586775946]], "type": "MultiPoint"}, "properties": {}}, "nom": "SALIN", "type": "Alimentaire Producteurs", "adresse": "Place du Salin", "code_postal": 31000.0, "jours_de_tenue": "le mardi , vendredi et samedi", "lundi": null, "mardi": "07h00 - 13h30", "mercredi": null, "jeudi": null, "vendredi": "07h00 - 13h30", "samedi": "07h00 - 13h30", "dimanche": null, "infobulle": "<strong><font color=\"#36454E\">SALIN</font></strong><br>Alimentaire Producteurs<br>Place du Salin<hr>Jour(s) de tenue : le mardi , vendredi et samedi <hr>D\u00e9tail horaire(s) : <br><strong></strong>Horaire mardi : 07h00 - 13h30<br><strong></strong><strong></strong>Horaire vendredi : 07h00 - 13h30<br>Horaire samedi : 07h00 - 13h30<br><strong></strong>"},{"geo_point_2d": {"lon": 1.4472676736766577, "lat": 43.586198878516534}, "geo_shape": {"type": "Feature", "geometry": {"coordinates": [[1.447267673676658, 43.586198878516534]], "type": "MultiPoint"}, "properties": {}}, "nom": "SAINT MICHEL", "type": "Producteurs", "adresse": "18 bis Grande-Rue Saint Michel", "code_postal": 31400.0, "jours_de_tenue": "le samedi", "lundi": null, "mardi": null, "mercredi": null, "jeudi": null, "vendredi": null, "samedi": "07h00 - 13H30", "dimanche": null, "infobulle": "<strong><font color=\"#36454E\">SAINT MICHEL</font></strong><br>Producteurs<br>18 bis Grande-Rue Saint Michel<hr>Jour(s) de tenue : le samedi <hr>D\u00e9tail horaire(s) : <br><strong></strong><strong></strong><strong></strong><strong></strong><strong></strong>Horaire samedi : 07h00 - 13H30<br><strong></strong>"},{"geo_point_2d": {"lon": 1.4357189698712005, "lat": 43.6035734802993}, "geo_shape": {"type": "Feature", "geometry": {"coordinates": [[1.435718969871201, 43.6035734802993]], "type": "MultiPoint"}, "properties": {}}, "nom": "SAINT PIERRE", "type": "Livres", "adresse": "PLACE SAINT PIERRE", "code_postal": 31000.0, "jours_de_tenue": "JEUDI", "lundi": null, "mardi": null, "mercredi": null, "jeudi": null, "vendredi": null, "samedi": null, "dimanche": null, "infobulle": "<strong><font color=\"#36454E\">SAINT PIERRE</font></strong><br>Livres<br>PLACE SAINT PIERRE<hr>Jour(s) de tenue : JEUDI <hr>D\u00e9tail horaire(s) : <br><strong></strong><strong></strong><strong></strong><strong></strong><strong></strong><strong></strong><strong></strong>"},{"geo_point_2d": {"lon": 1.4493880746702863, "lat": 43.599845070646225}, "geo_shape": {"type": "Feature", "geometry": {"coordinates": [[1.449388074670286, 43.599845070646225]], "type": "MultiPoint"}, "properties": {}}, "nom": "SAINT \u00c9TIENNE", "type": "Livres", "adresse": "Place Saint-Etienne", "code_postal": 31000.0, "jours_de_tenue": "le samedi", "lundi": null, "mardi": null, "mercredi": null, "jeudi": null, "vendredi": null, "samedi": "09h30 \u2013 18h00", "dimanche": null, "infobulle": "<strong><font color=\"#36454E\">SAINT \u00c9TIENNE</font></strong><br>Livres<br>Place Saint-Etienne<hr>Jour(s) de tenue : le samedi <hr>D\u00e9tail horaire(s) : <br><strong></strong><strong></strong><strong></strong><strong></strong><strong></strong>Horaire samedi : 09h30 \u2013 18h00<br><strong></strong>"},{"geo_point_2d": {"lon": 1.4360186438425282, "lat": 43.603421542308304}, "geo_shape": {"type": "Feature", "geometry": {"coordinates": [[1.436018643842528, 43.603421542308304]], "type": "MultiPoint"}, "properties": {}}, "nom": "MARCHE PRODUIT EN OCCITANIE", "type": null, "adresse": null, "code_postal": -9999.0, "jours_de_tenue": null, "lundi": null, "mardi": null, "mercredi": null, "jeudi": null, "vendredi": null, "samedi": null, "dimanche": null, "infobulle": "<strong><font color=\"#36454E\">MARCHE PRODUIT EN OCCITANIE</font></strong><br><br><hr>Jour(s) de tenue :  <hr>D\u00e9tail horaire(s) : <br><strong></strong><strong></strong><strong></strong><strong></strong><strong></strong><strong></strong><strong></strong>"},{"geo_point_2d": {"lon": 1.398235995998116, "lat": 43.56493300034069}, "geo_shape": {"type": "Feature", "geometry": {"coordinates": [[1.398235995998116, 43.56493300034069]], "type": "MultiPoint"}, "properties": {}}, "nom": "BELLEFONTAINE", "type": "Alimentaire et forain", "adresse": "Passage de J\u00e9rusalem", "code_postal": 31100.0, "jours_de_tenue": "le mercredi", "lundi": null, "mardi": null, "mercredi": "07h00 - 13h30", "jeudi": null, "vendredi": null, "samedi": null, "dimanche": null, "infobulle": "<strong><font color=\"#36454E\">BELLEFONTAINE</font></strong><br>Alimentaire et forain<br>Passage de J\u00e9rusalem<hr>Jour(s) de tenue : le mercredi <hr>D\u00e9tail horaire(s) : <br><strong></strong><strong></strong>Horaire mercredi : 07h00 - 13h30<br><strong></strong><strong></strong><strong></strong><strong></strong>"},{"geo_point_2d": {"lon": 1.4300887774492994, "lat": 43.59752855848655}, "geo_shape": {"type": "Feature", "geometry": {"coordinates": [[1.430088777449299, 43.59752855848655]], "type": "MultiPoint"}, "properties": {}}, "nom": "SAINT CYPRIEN", "type": "March\u00e9 couvert", "adresse": "Place Roguet", "code_postal": 31300.0, "jours_de_tenue": "du mardi au dimanche", "lundi": null, "mardi": "07h00 - 13h30", "mercredi": "07h00 - 13h30", "jeudi": "07h00 - 13h30", "vendredi": "07h00 - 13h30", "samedi": "07h00 - 13h30", "dimanche": "07h00 - 13h30", "infobulle": "<strong><font color=\"#36454E\">SAINT CYPRIEN</font></strong><br>March\u00e9 couvert<br>Place Roguet<hr>Jour(s) de tenue : du mardi au dimanche <hr>D\u00e9tail horaire(s) : <br><strong></strong>Horaire mardi : 07h00 - 13h30<br>Horaire mercredi : 07h00 - 13h30<br>Horaire jeudi : 07h00 - 13h30<br>Horaire vendredi : 07h00 - 13h30<br>Horaire samedi : 07h00 - 13h30<br>Horaire dimanche : 07h00 - 13h30<br>"},{"geo_point_2d": {"lon": 1.446610001690455, "lat": 43.60655200283247}, "geo_shape": {"type": "Feature", "geometry": {"coordinates": [[1.446610001690455, 43.60655200283247]], "type": "MultiPoint"}, "properties": {}}, "nom": "VICTOR HUGO", "type": "March\u00e9 couvert", "adresse": "Place Victor Hugo", "code_postal": 31000.0, "jours_de_tenue": "du mardi au dimanche", "lundi": null, "mardi": "07h00 - 13h30", "mercredi": "07h00 - 13h30", "jeudi": "07h00 - 13h30", "vendredi": "07h00 - 13h30", "samedi": "07h00 - 13h30", "dimanche": "07h00 - 13h30", "infobulle": "<strong><font color=\"#36454E\">VICTOR HUGO</font></strong><br>March\u00e9 couvert<br>Place Victor Hugo<hr>Jour(s) de tenue : du mardi au dimanche <hr>D\u00e9tail horaire(s) : <br><strong></strong>Horaire mardi : 07h00 - 13h30<br>Horaire mercredi : 07h00 - 13h30<br>Horaire jeudi : 07h00 - 13h30<br>Horaire vendredi : 07h00 - 13h30<br>Horaire samedi : 07h00 - 13h30<br>Horaire dimanche : 07h00 - 13h30<br>"},{"geo_point_2d": {"lon": 1.4522666887512397, "lat": 43.59835437825628}, "geo_shape": {"type": "Feature", "geometry": {"coordinates": [[1.45226668875124, 43.59835437825628]], "type": "MultiPoint"}, "properties": {}}, "nom": "GRANDE BROCANTE - ALL\u00c9ES FRAN\u00c7OIS", "type": "Brocante mensuelle", "adresse": "All\u00e9es Fran\u00e7ois Verdier", "code_postal": 31000.0, "jours_de_tenue": "le premier vendredi, samedi, et dimanche du mois", "lundi": null, "mardi": null, "mercredi": null, "jeudi": null, "vendredi": "1er du mois", "samedi": "1er du mois", "dimanche": "1er du mois", "infobulle": "<strong><font color=\"#36454E\">GRANDE BROCANTE - ALL\u00c9ES FRAN\u00c7OIS</font></strong><br>Brocante mensuelle<br>All\u00e9es Fran\u00e7ois Verdier<hr>Jour(s) de tenue : le premier vendredi, samedi, et dimanche du mois <hr>D\u00e9tail horaire(s) : <br><strong></strong><strong></strong><strong></strong><strong></strong>Horaire vendredi : 1er du mois<br>Horaire samedi : 1er du mois<br>Horaire dimanche : 1er du mois<br>"},{"geo_point_2d": {"lon": 1.4082157812493983, "lat": 43.61658293726167}, "geo_shape": {"type": "Feature", "geometry": {"coordinates": [[1.408215781249398, 43.61658293726167]], "type": "MultiPoint"}, "properties": {}}, "nom": "SEPT DENIERS", "type": "Alimentaire", "adresse": "105 Route de Blagnac", "code_postal": 31200.0, "jours_de_tenue": "le dimanche", "lundi": null, "mardi": null, "mercredi": null, "jeudi": null, "vendredi": null, "samedi": null, "dimanche": "07h00 - 13h30", "infobulle": "<strong><font color=\"#36454E\">SEPT DENIERS</font></strong><br>Alimentaire<br>105 Route de Blagnac<hr>Jour(s) de tenue : le dimanche <hr>D\u00e9tail horaire(s) : <br><strong></strong><strong></strong><strong></strong><strong></strong><strong></strong><strong></strong>Horaire dimanche : 07h00 - 13h30<br>"},{"geo_point_2d": {"lon": 1.4540571128834712, "lat": 43.599984078788225}, "geo_shape": {"type": "Feature", "geometry": {"coordinates": [[1.454057112883471, 43.599984078788225]], "type": "MultiPoint"}, "properties": {}}, "nom": "DUPUY", "type": "Alimentaire", "adresse": "Place Dupuy", "code_postal": 31000.0, "jours_de_tenue": "le jeudi", "lundi": null, "mardi": null, "mercredi": null, "jeudi": "07h00 - 13h30", "vendredi": null, "samedi": null, "dimanche": null, "infobulle": "<strong><font color=\"#36454E\">DUPUY</font></strong><br>Alimentaire<br>Place Dupuy<hr>Jour(s) de tenue : le jeudi <hr>D\u00e9tail horaire(s) : <br><strong></strong><strong></strong><strong></strong>Horaire jeudi : 07h00 - 13h30<br><strong></strong><strong></strong><strong></strong>"},{"geo_point_2d": {"lon": 1.3881350680837865, "lat": 43.5815404124495}, "geo_shape": {"type": "Feature", "geometry": {"coordinates": [[1.388135068083787, 43.5815404124495]], "type": "MultiPoint"}, "properties": {}}, "nom": "PRADETTES", "type": "Alimentaire", "adresse": "Place des Pradettes", "code_postal": 31100.0, "jours_de_tenue": "le samedi", "lundi": null, "mardi": null, "mercredi": null, "jeudi": null, "vendredi": null, "samedi": "07h00 - 13h30", "dimanche": null, "infobulle": "<strong><font color=\"#36454E\">PRADETTES</font></strong><br>Alimentaire<br>Place des Pradettes<hr>Jour(s) de tenue : le samedi <hr>D\u00e9tail horaire(s) : <br><strong></strong><strong></strong><strong></strong><strong></strong><strong></strong>Horaire samedi : 07h00 - 13h30<br><strong></strong>"},{"geo_point_2d": {"lon": 1.4277923776116466, "lat": 43.60790358018356}, "geo_shape": {"type": "Feature", "geometry": {"coordinates": [[1.427792377611647, 43.60790358018356]], "type": "MultiPoint"}, "properties": {}}, "nom": "HERACLES", "type": "Alimentaire", "adresse": "PLACE HERACLES", "code_postal": 31000.0, "jours_de_tenue": null, "lundi": null, "mardi": null, "mercredi": null, "jeudi": null, "vendredi": null, "samedi": null, "dimanche": null, "infobulle": "<strong><font color=\"#36454E\">HERACLES</font></strong><br>Alimentaire<br>PLACE HERACLES<hr>Jour(s) de tenue :  <hr>D\u00e9tail horaire(s) : <br><strong></strong><strong></strong><strong></strong><strong></strong><strong></strong><strong></strong><strong></strong>"},{"geo_point_2d": {"lon": 1.4213591223901232, "lat": 43.61469085539911}, "geo_shape": {"type": "Feature", "geometry": {"coordinates": [[1.421359122390123, 43.61469085539911]], "type": "MultiPoint"}, "properties": {}}, "nom": "PONTS JUMEAUX", "type": "Producteurs", "adresse": "Rue R.C. Brunschvicg", "code_postal": 31200.0, "jours_de_tenue": "le vendredi", "lundi": null, "mardi": null, "mercredi": null, "jeudi": null, "vendredi": "16h - 20h", "samedi": null, "dimanche": null, "infobulle": "<strong><font color=\"#36454E\">PONTS JUMEAUX</font></strong><br>Producteurs<br>Rue R.C. Brunschvicg<hr>Jour(s) de tenue : le vendredi <hr>D\u00e9tail horaire(s) : <br><strong></strong><strong></strong><strong></strong><strong></strong>Horaire vendredi : 16h - 20h<br><strong></strong><strong></strong>"},{"geo_point_2d": {"lon": 1.4487747806946736, "lat": 43.582137915574826}, "geo_shape": {"type": "Feature", "geometry": {"coordinates": [[1.448774780694674, 43.582137915574826]], "type": "MultiPoint"}, "properties": {}}, "nom": "URSS", "type": "Alimentaire et forain", "adresse": "19-39 Avenue de l'URSS", "code_postal": 31400.0, "jours_de_tenue": "le vendredi", "lundi": null, "mardi": null, "mercredi": null, "jeudi": null, "vendredi": "07h00 - 13h30", "samedi": null, "dimanche": null, "infobulle": "<strong><font color=\"#36454E\">URSS</font></strong><br>Alimentaire et forain<br>19-39 Avenue de l'URSS<hr>Jour(s) de tenue : le vendredi <hr>D\u00e9tail horaire(s) : <br><strong></strong><strong></strong><strong></strong><strong></strong>Horaire vendredi : 07h00 - 13h30<br><strong></strong><strong></strong>"},{"geo_point_2d": {"lon": 1.4390095895185506, "lat": 43.61086851044361}, "geo_shape": {"type": "Feature", "geometry": {"coordinates": [[1.439009589518551, 43.61086851044361]], "type": "MultiPoint"}, "properties": {}}, "nom": "ARNAUD BERNARD", "type": "Alimentaire Producteurs", "adresse": "Place Arnaud-Bernard", "code_postal": 31000.0, "jours_de_tenue": "le samedi", "lundi": null, "mardi": null, "mercredi": null, "jeudi": null, "vendredi": null, "samedi": "07h00 - 13h30", "dimanche": null, "infobulle": "<strong><font color=\"#36454E\">ARNAUD BERNARD</font></strong><br>Alimentaire Producteurs<br>Place Arnaud-Bernard<hr>Jour(s) de tenue : le samedi <hr>D\u00e9tail horaire(s) : <br><strong></strong><strong></strong><strong></strong><strong></strong><strong></strong>Horaire samedi : 07h00 - 13h30<br><strong></strong>"},{"geo_point_2d": {"lon": 1.4388023110866806, "lat": 43.61128793005751}, "geo_shape": {"type": "Feature", "geometry": {"coordinates": [[1.438802311086681, 43.61128793005751]], "type": "MultiPoint"}, "properties": {}}, "nom": "ARNAUD BERNARD \u2013 MARCH\u00c9 AUX LIVRES", "type": "Livres", "adresse": "Place Arnaud-Bernard", "code_postal": 31000.0, "jours_de_tenue": "le jeudi", "lundi": null, "mardi": null, "mercredi": null, "jeudi": "07h00 \u2013 18h00", "vendredi": null, "samedi": null, "dimanche": null, "infobulle": "<strong><font color=\"#36454E\">ARNAUD BERNARD \u2013 MARCH\u00c9 AUX LIVRES</font></strong><br>Livres<br>Place Arnaud-Bernard<hr>Jour(s) de tenue : le jeudi <hr>D\u00e9tail horaire(s) : <br><strong></strong><strong></strong><strong></strong>Horaire jeudi : 07h00 \u2013 18h00<br><strong></strong><strong></strong><strong></strong>"},{"geo_point_2d": {"lon": 1.4433361354097751, "lat": 43.604366601659635}, "geo_shape": {"type": "Feature", "geometry": {"coordinates": [[1.443336135409775, 43.604366601659635]], "type": "MultiPoint"}, "properties": {}}, "nom": "CAPITOLE", "type": "Forain", "adresse": "Place du Capitole", "code_postal": 31000.0, "jours_de_tenue": "du mardi au samedi", "lundi": null, "mardi": "07h00 - 13h30", "mercredi": "07h00 \u2013 19h00", "jeudi": "07h00 - 13h30", "vendredi": "07h00 - 13h30", "samedi": "07h00 - 13h30", "dimanche": null, "infobulle": "<strong><font color=\"#36454E\">CAPITOLE</font></strong><br>Forain<br>Place du Capitole<hr>Jour(s) de tenue : du mardi au samedi Sauf le mercr<hr>D\u00e9tail horaire(s) : <br><strong></strong>Horaire mardi : 07h00 - 13h30<br>Horaire mercredi : 07h00 \u2013 19h00<br>Horaire jeudi : 07h00 - 13h30<br>Horaire vendredi : 07h00 - 13h30<br>Horaire samedi : 07h00 - 13h30<br><strong></strong>"},{"geo_point_2d": {"lon": 1.4459879999531866, "lat": 43.608674000105346}, "geo_shape": {"type": "Feature", "geometry": {"coordinates": [[1.445987999953187, 43.608674000105346]], "type": "MultiPoint"}, "properties": {}}, "nom": "JEANNE D'ARC", "type": "Fleurs", "adresse": "Place Jeanne d'Arc", "code_postal": 31000.0, "jours_de_tenue": "du mardi au samedi", "lundi": null, "mardi": "07h00 - 13h30", "mercredi": "07h00 - 13h30", "jeudi": "07h00 - 13h30", "vendredi": "07h00 - 13h30", "samedi": "07h00 - 13h30", "dimanche": "07h00 \u2013 14h00", "infobulle": "<strong><font color=\"#36454E\">JEANNE D'ARC</font></strong><br>Fleurs<br>Place Jeanne d'Arc<hr>Jour(s) de tenue : du mardi au samedi et le dimanche<hr>D\u00e9tail horaire(s) : <br><strong></strong>Horaire mardi : 07h00 - 13h30<br>Horaire mercredi : 07h00 - 13h30<br>Horaire jeudi : 07h00 - 13h30<br>Horaire vendredi : 07h00 - 13h30<br>Horaire samedi : 07h00 - 13h30<br>Horaire dimanche : 07h00 \u2013 14h00<br>"},{"geo_point_2d": {"lon": 1.4640707672374311, "lat": 43.636576462694094}, "geo_shape": {"type": "Feature", "geometry": {"coordinates": [[1.464070767237431, 43.636576462694094]], "type": "MultiPoint"}, "properties": {}}, "nom": "CROIX DAURADE", "type": "Alimentaire", "adresse": "Route d'Albi", "code_postal": 31200.0, "jours_de_tenue": "Mercredi", "lundi": null, "mardi": null, "mercredi": "7h00 \u00e0 14h00", "jeudi": null, "vendredi": null, "samedi": null, "dimanche": null, "infobulle": "<strong><font color=\"#36454E\">CROIX DAURADE</font></strong><br>Alimentaire<br>Route d'Albi<hr>Jour(s) de tenue : Mercredi <hr>D\u00e9tail horaire(s) : <br><strong></strong><strong></strong>Horaire mercredi : 7h00 \u00e0 14h00<br><strong></strong><strong></strong><strong></strong><strong></strong>"},{"geo_point_2d": {"lon": 1.478969730972611, "lat": 43.571699717249146}, "geo_shape": {"type": "Feature", "geometry": {"coordinates": [[1.478969730972611, 43.571699717249146]], "type": "MultiPoint"}, "properties": {}}, "nom": "MONTAUDRAN", "type": "Alimentaire", "adresse": "Place Bouilloux-Lafont", "code_postal": 31400.0, "jours_de_tenue": "Dimanche", "lundi": null, "mardi": null, "mercredi": null, "jeudi": null, "vendredi": null, "samedi": null, "dimanche": null, "infobulle": "<strong><font color=\"#36454E\">MONTAUDRAN</font></strong><br>Alimentaire<br>Place Bouilloux-Lafont<hr>Jour(s) de tenue : Dimanche <hr>D\u00e9tail horaire(s) : <br><strong></strong><strong></strong><strong></strong><strong></strong><strong></strong><strong></strong><strong></strong>"},{"geo_point_2d": {"lon": 1.4439579987041757, "lat": 43.63822000464121}, "geo_shape": {"type": "Feature", "geometry": {"coordinates": [[1.443957998704176, 43.63822000464121]], "type": "MultiPoint"}, "properties": {}}, "nom": "TROIS COCUS", "type": "Alimentaire et forain", "adresse": "Place Micoulaud", "code_postal": 31200.0, "jours_de_tenue": "le mercredi", "lundi": null, "mardi": null, "mercredi": "07h00 - 13h30", "jeudi": null, "vendredi": null, "samedi": null, "dimanche": null, "infobulle": "<strong><font color=\"#36454E\">TROIS COCUS</font></strong><br>Alimentaire et forain<br>Place Micoulaud<hr>Jour(s) de tenue : le mercredi <hr>D\u00e9tail horaire(s) : <br><strong></strong><strong></strong>Horaire mercredi : 07h00 - 13h30<br><strong></strong><strong></strong><strong></strong><strong></strong>"},{"geo_point_2d": {"lon": 1.3974859975388478, "lat": 43.61872299797143}, "geo_shape": {"type": "Feature", "geometry": {"coordinates": [[1.397485997538848, 43.61872299797143]], "type": "MultiPoint"}, "properties": {}}, "nom": "ANCELY", "type": "Alimentaire", "adresse": "264 avenue de Casselardit", "code_postal": 31300.0, "jours_de_tenue": "le vendredi", "lundi": null, "mardi": null, "mercredi": null, "jeudi": null, "vendredi": "12h00 \u2013 19h00", "samedi": null, "dimanche": null, "infobulle": "<strong><font color=\"#36454E\">ANCELY</font></strong><br>Alimentaire<br>264 avenue de Casselardit<hr>Jour(s) de tenue : le vendredi <hr>D\u00e9tail horaire(s) : <br><strong></strong><strong></strong><strong></strong><strong></strong>Horaire vendredi : 12h00 \u2013 19h00<br><strong></strong><strong></strong>"},{"geo_point_2d": {"lon": 1.4834940029071035, "lat": 43.579147999789726}, "geo_shape": {"type": "Feature", "geometry": {"coordinates": [[1.483494002907104, 43.579147999789726]], "type": "MultiPoint"}, "properties": {}}, "nom": "ORMEAU", "type": "Alimentaire et forain", "adresse": "Place de l'Ormeau", "code_postal": 31400.0, "jours_de_tenue": "les mardis et samedis", "lundi": null, "mardi": "07h00 - 13h30", "mercredi": null, "jeudi": null, "vendredi": null, "samedi": "07h00 - 13h30", "dimanche": null, "infobulle": "<strong><font color=\"#36454E\">ORMEAU</font></strong><br>Alimentaire et forain<br>Place de l'Ormeau<hr>Jour(s) de tenue : les mardis et samedis <hr>D\u00e9tail horaire(s) : <br><strong></strong>Horaire mardi : 07h00 - 13h30<br><strong></strong><strong></strong><strong></strong>Horaire samedi : 07h00 - 13h30<br><strong></strong>"},{"geo_point_2d": {"lon": 1.4560753134122546, "lat": 43.603713713730976}, "geo_shape": {"type": "Feature", "geometry": {"coordinates": [[1.456075313412255, 43.603713713730976]], "type": "MultiPoint"}, "properties": {}}, "nom": "ESPACE DES CHINEURS", "type": "Espace de vente destin\u00e9 aux vendeurs non professionnels", "adresse": "Bvd Michelet, \u00e9glise Saint Aubin", "code_postal": 31000.0, "jours_de_tenue": "le samedi", "lundi": null, "mardi": null, "mercredi": null, "jeudi": null, "vendredi": null, "samedi": "08h30 - 13h00", "dimanche": null, "infobulle": "<strong><font color=\"#36454E\">ESPACE DES CHINEURS</font></strong><br>Espace de vente destin\u00e9 aux vendeurs non professionnels<br>Bvd Michelet, \u00e9glise Saint Aubin<hr>Jour(s) de tenue : le samedi <hr>D\u00e9tail horaire(s) : <br><strong></strong><strong></strong><strong></strong><strong></strong><strong></strong>Horaire samedi : 08h30 - 13h00<br><strong></strong>"},{"geo_point_2d": {"lon": 1.3701468870416658, "lat": 43.60161309908644}, "geo_shape": {"type": "Feature", "geometry": {"coordinates": [[1.370146887041666, 43.60161309908644]], "type": "MultiPoint"}, "properties": {}}, "nom": "SAINT MARTIN DU TOUCH", "type": "Alimentaire", "adresse": "Place Grimaud", "code_postal": 31300.0, "jours_de_tenue": "le jeudi", "lundi": null, "mardi": null, "mercredi": null, "jeudi": "16h30 - 20h00", "vendredi": null, "samedi": null, "dimanche": null, "infobulle": "<strong><font color=\"#36454E\">SAINT MARTIN DU TOUCH</font></strong><br>Alimentaire<br>Place Grimaud<hr>Jour(s) de tenue : le jeudi <hr>D\u00e9tail horaire(s) : <br><strong></strong><strong></strong><strong></strong>Horaire jeudi : 16h30 - 20h00<br><strong></strong><strong></strong><strong></strong>"},{"geo_point_2d": {"lon": 1.444575245699117, "lat": 43.594490053709066}, "geo_shape": {"type": "Feature", "geometry": {"coordinates": [[1.444575245699117, 43.594490053709066]], "type": "MultiPoint"}, "properties": {}}, "nom": "SALIN - MARCH\u00c9 AUX LIVRES", "type": "Livres", "adresse": "Place du Salin", "code_postal": 31000.0, "jours_de_tenue": "le mardi et le vendredi", "lundi": null, "mardi": "07h00 - 18h00", "mercredi": null, "jeudi": null, "vendredi": "07h00 - 18h00", "samedi": null, "dimanche": null, "infobulle": "<strong><font color=\"#36454E\">SALIN - MARCH\u00c9 AUX LIVRES</font></strong><br>Livres<br>Place du Salin<hr>Jour(s) de tenue : le mardi et le vendredi <hr>D\u00e9tail horaire(s) : <br><strong></strong>Horaire mardi : 07h00 - 18h00<br><strong></strong><strong></strong>Horaire vendredi : 07h00 - 18h00<br><strong></strong><strong></strong>"},{"geo_point_2d": {"lon": 1.4107391996950505, "lat": 43.56480944684932}, "geo_shape": {"type": "Feature", "geometry": {"coordinates": [[1.41073919969505, 43.56480944684932]], "type": "MultiPoint"}, "properties": {}}, "nom": "LAFOURGUETTE", "type": "Alimentaire", "adresse": "Place des Gli\u00e8res", "code_postal": 31100.0, "jours_de_tenue": "le samedi", "lundi": null, "mardi": null, "mercredi": null, "jeudi": null, "vendredi": null, "samedi": "07h00 - 13h30", "dimanche": null, "infobulle": "<strong><font color=\"#36454E\">LAFOURGUETTE</font></strong><br>Alimentaire<br>Place des Gli\u00e8res<hr>Jour(s) de tenue : le samedi <hr>D\u00e9tail horaire(s) : <br><strong></strong><strong></strong><strong></strong><strong></strong><strong></strong>Horaire samedi : 07h00 - 13h30<br><strong></strong>"},{"geo_point_2d": {"lon": 1.4559188423175125, "lat": 43.603453499975124}, "geo_shape": {"type": "Feature", "geometry": {"coordinates": [[1.455918842317512, 43.603453499975124]], "type": "MultiPoint"}, "properties": {}}, "nom": "BROCANTE SAINT AUBIN", "type": "Brocante", "adresse": "Bvd Michelet", "code_postal": 31000.0, "jours_de_tenue": "le samedi", "lundi": null, "mardi": null, "mercredi": null, "jeudi": null, "vendredi": null, "samedi": "07h00 - 13h30", "dimanche": null, "infobulle": "<strong><font color=\"#36454E\">BROCANTE SAINT AUBIN</font></strong><br>Brocante<br>Bvd Michelet<hr>Jour(s) de tenue : le samedi <hr>D\u00e9tail horaire(s) : <br><strong></strong><strong></strong><strong></strong><strong></strong><strong></strong>Horaire samedi : 07h00 - 13h30<br><strong></strong>"},{"geo_point_2d": {"lon": 1.4551649912287297, "lat": 43.603561997256854}, "geo_shape": {"type": "Feature", "geometry": {"coordinates": [[1.45516499122873, 43.603561997256854]], "type": "MultiPoint"}, "properties": {}}, "nom": "SAINT-AUBIN", "type": "Alimentaire et forain", "adresse": "Bvd Michelet", "code_postal": 31000.0, "jours_de_tenue": "dimanche", "lundi": null, "mardi": null, "mercredi": null, "jeudi": null, "vendredi": null, "samedi": null, "dimanche": "07h00 - 13h30", "infobulle": "<strong><font color=\"#36454E\">SAINT-AUBIN</font></strong><br>Alimentaire et forain<br>Bvd Michelet<hr>Jour(s) de tenue : dimanche <hr>D\u00e9tail horaire(s) : <br><strong></strong><strong></strong><strong></strong><strong></strong><strong></strong><strong></strong>Horaire dimanche : 07h00 - 13h30<br>"},{"geo_point_2d": {"lon": 1.450021524769816, "lat": 43.60873336369457}, "geo_shape": {"type": "Feature", "geometry": {"coordinates": [[1.450021524769816, 43.60873336369457]], "type": "MultiPoint"}, "properties": {}}, "nom": "\u00c9TOILE DE BELFORT", "type": "Alimentaire", "adresse": "Place de Belfort", "code_postal": 31000.0, "jours_de_tenue": "le jeudi", "lundi": null, "mardi": null, "mercredi": null, "jeudi": "16h00 \u2013 21h00", "vendredi": null, "samedi": null, "dimanche": null, "infobulle": "<strong><font color=\"#36454E\">\u00c9TOILE DE BELFORT</font></strong><br>Alimentaire<br>Place de Belfort<hr>Jour(s) de tenue : le jeudi <hr>D\u00e9tail horaire(s) : <br><strong></strong><strong></strong><strong></strong>Horaire jeudi : 16h00 \u2013 21h00<br><strong></strong><strong></strong><strong></strong>"},{"geo_point_2d": {"lon": 1.4477764727522493, "lat": 43.60205867824021}, "geo_shape": {"type": "Feature", "geometry": {"coordinates": [[1.447776472752249, 43.60205867824021]], "type": "MultiPoint"}, "properties": {}}, "nom": "SAINT GEORGES", "type": "Alimentaire", "adresse": "Place Saint Georges", "code_postal": 31000.0, "jours_de_tenue": "du mardi au samedi", "lundi": null, "mardi": "07h00 - 13h30", "mercredi": "07h00 - 13h30", "jeudi": "15h00 - 20h00", "vendredi": "07h00 - 13h30", "samedi": "07h00 - 13h30", "dimanche": null, "infobulle": "<strong><font color=\"#36454E\">SAINT GEORGES</font></strong><br>Alimentaire<br>Place Saint Georges<hr>Jour(s) de tenue : du mardi au samedi <hr>D\u00e9tail horaire(s) : <br><strong></strong>Horaire mardi : 07h00 - 13h30<br>Horaire mercredi : 07h00 - 13h30<br>Horaire jeudi : 15h00 - 20h00<br>Horaire vendredi : 07h00 - 13h30<br>Horaire samedi : 07h00 - 13h30<br><strong></strong>"},{"geo_point_2d": {"lon": 1.4024709974677938, "lat": 43.57085099883597}, "geo_shape": {"type": "Feature", "geometry": {"coordinates": [[1.402470997467794, 43.57085099883597]], "type": "MultiPoint"}, "properties": {}}, "nom": "REYNERIE", "type": "Alimentaire et forain", "adresse": "Place Abbal", "code_postal": 31100.0, "jours_de_tenue": "le jeudi", "lundi": null, "mardi": null, "mercredi": null, "jeudi": "07h00 \u2013 14h00", "vendredi": null, "samedi": null, "dimanche": null, "infobulle": "<strong><font color=\"#36454E\">REYNERIE</font></strong><br>Alimentaire et forain<br>Place Abbal<hr>Jour(s) de tenue : le jeudi <hr>D\u00e9tail horaire(s) : <br><strong></strong><strong></strong><strong></strong>Horaire jeudi : 07h00 \u2013 14h00<br><strong></strong><strong></strong><strong></strong>"},{"geo_point_2d": {"lon": 1.4242629973582315, "lat": 43.576786000134106}, "geo_shape": {"type": "Feature", "geometry": {"coordinates": [[1.424262997358231, 43.576786000134106]], "type": "MultiPoint"}, "properties": {}}, "nom": "OUSTALOUS", "type": "Alimentaire", "adresse": "51-53 Route d'Espagne", "code_postal": 31100.0, "jours_de_tenue": "le samedi", "lundi": null, "mardi": null, "mercredi": null, "jeudi": null, "vendredi": null, "samedi": "07h00 \u2013 14h00", "dimanche": null, "infobulle": "<strong><font color=\"#36454E\">OUSTALOUS</font></strong><br>Alimentaire<br>51-53 Route d'Espagne<hr>Jour(s) de tenue : le samedi <hr>D\u00e9tail horaire(s) : <br><strong></strong><strong></strong><strong></strong><strong></strong><strong></strong>Horaire samedi : 07h00 \u2013 14h00<br><strong></strong>"},{"geo_point_2d": {"lon": 1.4525110029277881, "lat": 43.640318998938085}, "geo_shape": {"type": "Feature", "geometry": {"coordinates": [[1.452511002927788, 43.640318998938085]], "type": "MultiPoint"}, "properties": {}}, "nom": "BORDEROUGE", "type": "Alimentaire et forain", "adresse": "Place du Carr\u00e9-de-la-Maourine", "code_postal": 31200.0, "jours_de_tenue": "le samedi", "lundi": null, "mardi": null, "mercredi": null, "jeudi": null, "vendredi": null, "samedi": "07h00 - 13h30", "dimanche": null, "infobulle": "<strong><font color=\"#36454E\">BORDEROUGE</font></strong><br>Alimentaire et forain<br>Place du Carr\u00e9-de-la-Maourine<hr>Jour(s) de tenue : le samedi <hr>D\u00e9tail horaire(s) : <br><strong></strong><strong></strong><strong></strong><strong></strong><strong></strong>Horaire samedi : 07h00 - 13h30<br><strong></strong>"},{"geo_point_2d": {"lon": 1.430272196591892, "lat": 43.59763676485025}, "geo_shape": {"type": "Feature", "geometry": {"coordinates": [[1.430272196591892, 43.59763676485025]], "type": "MultiPoint"}, "properties": {}}, "nom": "MARCH\u00c9 AUX LIVRES ST-CYPRIEN", "type": "Livres", "adresse": "Place Roguet", "code_postal": 31300.0, "jours_de_tenue": "le lundi", "lundi": "08h00 \u2013 19h00", "mardi": null, "mercredi": null, "jeudi": null, "vendredi": null, "samedi": null, "dimanche": null, "infobulle": "<strong><font color=\"#36454E\">MARCH\u00c9 AUX LIVRES ST-CYPRIEN</font></strong><br>Livres<br>Place Roguet<hr>Jour(s) de tenue : le lundi <hr>D\u00e9tail horaire(s) : <br>Horaire lundi : 08h00 \u2013 19h00<br><strong></strong><strong></strong><strong></strong><strong></strong><strong></strong><strong></strong>"},{"geo_point_2d": {"lon": 1.4591789984634933, "lat": 43.57896400409774}, "geo_shape": {"type": "Feature", "geometry": {"coordinates": [[1.459178998463493, 43.57896400409774]], "type": "MultiPoint"}, "properties": {}}, "nom": "RANGUEIL", "type": "Alimentaire", "adresse": "64-70 Avenue Albert-Bedouce", "code_postal": 31400.0, "jours_de_tenue": "les mercredis et dimanches", "lundi": null, "mardi": null, "mercredi": "07h00 - 13h30", "jeudi": null, "vendredi": null, "samedi": null, "dimanche": "07h00 - 13h30", "infobulle": "<strong><font color=\"#36454E\">RANGUEIL</font></strong><br>Alimentaire<br>64-70 Avenue Albert-Bedouce<hr>Jour(s) de tenue : les mercredis et dimanches <hr>D\u00e9tail horaire(s) : <br><strong></strong><strong></strong>Horaire mercredi : 07h00 - 13h30<br><strong></strong><strong></strong><strong></strong>Horaire dimanche : 07h00 - 13h30<br>"},{"geo_point_2d": {"lon": 1.4772570090606494, "lat": 43.61289399775231}, "geo_shape": {"type": "Feature", "geometry": {"coordinates": [[1.477257009060649, 43.61289399775231]], "type": "MultiPoint"}, "properties": {}}, "nom": "SOUPETARD", "type": "Alimentaire et forain", "adresse": "58-66 Rue Louis-Plana", "code_postal": 31500.0, "jours_de_tenue": "le samedi", "lundi": null, "mardi": null, "mercredi": null, "jeudi": null, "vendredi": null, "samedi": "07h00 - 13h30", "dimanche": null, "infobulle": "<strong><font color=\"#36454E\">SOUPETARD</font></strong><br>Alimentaire et forain<br>58-66 Rue Louis-Plana<hr>Jour(s) de tenue : le samedi <hr>D\u00e9tail horaire(s) : <br><strong></strong><strong></strong><strong></strong><strong></strong><strong></strong>Horaire samedi : 07h00 - 13h30<br><strong></strong>"},{"geo_point_2d": {"lon": 1.4455770540142507, "lat": 43.60845684832032}, "geo_shape": {"type": "Feature", "geometry": {"coordinates": [[1.445577054014251, 43.60845684832032]], "type": "MultiPoint"}, "properties": {}}, "nom": "HERBES AROMATIQUES DES BD", "type": "Producteurs", "adresse": "35-37 boulevard de Strasbourg", "code_postal": 31000.0, "jours_de_tenue": "le dimanche", "lundi": null, "mardi": null, "mercredi": null, "jeudi": null, "vendredi": null, "samedi": null, "dimanche": "06h30 \u2013 13h30", "infobulle": "<strong><font color=\"#36454E\">HERBES AROMATIQUES DES BD</font></strong><br>Producteurs<br>35-37 boulevard de Strasbourg<hr>Jour(s) de tenue : le dimanche <hr>D\u00e9tail horaire(s) : <br><strong></strong><strong></strong><strong></strong><strong></strong><strong></strong><strong></strong>Horaire dimanche : 06h30 \u2013 13h30<br>"},{"geo_point_2d": {"lon": 1.4465722162699326, "lat": 43.593622822985736}, "geo_shape": {"type": "Feature", "geometry": {"coordinates": [[1.446572216269933, 43.593622822985736]], "type": "MultiPoint"}, "properties": {}}, "nom": "JULES GUESDE", "type": "Forain", "adresse": "All\u00e9es Jules Guesde", "code_postal": 31400.0, "jours_de_tenue": "le dimanche", "lundi": null, "mardi": null, "mercredi": null, "jeudi": null, "vendredi": null, "samedi": null, "dimanche": "07h00 \u2013 14h00", "infobulle": "<strong><font color=\"#36454E\">JULES GUESDE</font></strong><br>Forain<br>All\u00e9es Jules Guesde<hr>Jour(s) de tenue : le dimanche <hr>D\u00e9tail horaire(s) : <br><strong></strong><strong></strong><strong></strong><strong></strong><strong></strong><strong></strong>Horaire dimanche : 07h00 \u2013 14h00<br>"},{"geo_point_2d": {"lon": 1.4450979968027657, "lat": 43.60457175689784}, "geo_shape": {"type": "Feature", "geometry": {"coordinates": [[1.445097996802766, 43.60457175689784]], "type": "MultiPoint"}, "properties": {}}, "nom": "ESPARCETTE BIO", "type": "Alimentaire bio", "adresse": "Square Charles de Gaulle", "code_postal": 31000.0, "jours_de_tenue": "le mardi et le samedi", "lundi": null, "mardi": "08h00 - 14h00", "mercredi": null, "jeudi": null, "vendredi": null, "samedi": "08h00 - 14h00", "dimanche": null, "infobulle": "<strong><font color=\"#36454E\">ESPARCETTE BIO</font></strong><br>Alimentaire bio<br>Square Charles de Gaulle<hr>Jour(s) de tenue : le mardi et le samedi <hr>D\u00e9tail horaire(s) : <br><strong></strong>Horaire mardi : 08h00 - 14h00<br><strong></strong><strong></strong><strong></strong>Horaire samedi : 08h00 - 14h00<br><strong></strong>"},{"geo_point_2d": {"lon": 1.4409614599453242, "lat": 43.578512971893154}, "geo_shape": {"type": "Feature", "geometry": {"coordinates": [[1.440961459945324, 43.578512971893154]], "type": "MultiPoint"}, "properties": {}}, "nom": "EMPALOT", "type": "Alimentaire et forain", "adresse": "Place A. Viadieu", "code_postal": 31400.0, "jours_de_tenue": "Mercredi", "lundi": null, "mardi": null, "mercredi": "07h00-13h30", "jeudi": null, "vendredi": null, "samedi": null, "dimanche": null, "infobulle": "<strong><font color=\"#36454E\">EMPALOT</font></strong><br>Alimentaire et forain<br>Place A. Viadieu<hr>Jour(s) de tenue : Mercredi <hr>D\u00e9tail horaire(s) : <br><strong></strong><strong></strong>Horaire mercredi : 07h00-13h30<br><strong></strong><strong></strong><strong></strong><strong></strong>"},{"geo_point_2d": {"lon": 1.456462499295161, "lat": 43.61082794914662}, "geo_shape": {"type": "Feature", "geometry": {"coordinates": [[1.456462499295161, 43.61082794914662]], "type": "MultiPoint"}, "properties": {}}, "nom": "LEGION D'HONNEUR", "type": null, "adresse": null, "code_postal": -9999.0, "jours_de_tenue": null, "lundi": null, "mardi": null, "mercredi": null, "jeudi": null, "vendredi": null, "samedi": null, "dimanche": null, "infobulle": "<strong><font color=\"#36454E\">LEGION D'HONNEUR</font></strong><br><br><hr>Jour(s) de tenue :  <hr>D\u00e9tail horaire(s) : <br><strong></strong><strong></strong><strong></strong><strong></strong><strong></strong><strong></strong><strong></strong>"}]