[
    {
        "id": 1,
        "jour": "1",
        "mois": "janvier",
        "evenement": "Nouvel An"
    },
    {
        "id": 2,
        "jour": "1",
        "mois": "avril",
        "evenement": "Dimanche des Rameaux"
    },
    {
        "id": 3,
        "jour": "1",
        "mois": "mai",
        "evenement": "Fête du Travail"
    },
    {
        "id": 4,
        "jour": "1",
        "mois": "octobre",
        "evenement": "Fête de la Bière : Oktoberfest"
    },
    {
        "id": 5,
        "jour": "1",
        "mois": "novembre",
        "evenement": "Toussaint"
    },
    {
        "id": 6,
        "jour": "2",
        "mois": "février",
        "evenement": "La Chandeleur"
    },
    {
        "id": 7,
        "jour": "2",
        "mois": "novembre",
        "evenement": "Fête des morts"
    },
    {
        "id": 8,
        "jour": "4",
        "mois": "mars",
        "evenement": "Fête des grands-mères"
    },
    {
        "id": 9,
        "jour": "4",
        "mois": "juillet",
        "evenement": "Independence Day (USA)"
    },
    {
        "id": 10,
        "jour": "5",
        "mois": "avril",
        "evenement": "Jeudi saint"
    },
    {
        "id": 11,
        "jour": "6",
        "mois": "janvier",
        "evenement": "Epiphanie (Galette des Rois)"
    },
    {
        "id": 12,
        "jour": "6",
        "mois": "février",
        "evenement": "Mercredi des Cendres"
    },
    {
        "id": 13,
        "jour": "6",
        "mois": "avril",
        "evenement": "Vendredi saint"
    },
    {
        "id": 14,
        "jour": "6",
        "mois": "juin",
        "evenement": "Débarquement"
    },
    {
        "id": 15,
        "jour": "6",
        "mois": "aout",
        "evenement": "Janmashtami"
    },
    {
        "id": 16,
        "jour": "6",
        "mois": "décembre",
        "evenement": "Saint-Nicolas"
    },
    {
        "id": 17,
        "jour": "7",
        "mois": "mars",
        "evenement": "Holi"
    },
    {
        "id": 18,
        "jour": "7",
        "mois": "avril",
        "evenement": "Samedi saint"
    },
    {
        "id": 19,
        "jour": "7",
        "mois": "octobre",
        "evenement": "Fête des familles"
    },
    {
        "id": 20,
        "jour": "8",
        "mois": "février",
        "evenement": "Fête des lanternes"
    },
    {
        "id": 21,
        "jour": "8",
        "mois": "mars",
        "evenement": "Journée de la Femme"
    },
    {
        "id": 22,
        "jour": "8",
        "mois": "avril",
        "evenement": "Pâques"
    },
    {
        "id": 23,
        "jour": "8",
        "mois": "mai",
        "evenement": "armistice 45"
    },
    {
        "id": 24,
        "jour": "8",
        "mois": "septembre",
        "evenement": "Nativité de la Mère de Dieu"
    },
    {
        "id": 25,
        "jour": "8",
        "mois": "octobre",
        "evenement": "Jour de Christophe Colomb"
    },
    {
        "id": 26,
        "jour": "8",
        "mois": "novembre",
        "evenement": "Fête du Christ Roi"
    },
    {
        "id": 27,
        "jour": "8",
        "mois": "décembre",
        "evenement": "Immaculée Conception de la Sainte Vierge"
    },
    {
        "id": 28,
        "jour": "9",
        "mois": "mai",
        "evenement": "Fête de l'Europe"
    },
    {
        "id": 29,
        "jour": "9",
        "mois": "aout",
        "evenement": "Fête des fantômes"
    },
    {
        "id": 30,
        "jour": "10",
        "mois": "février",
        "evenement": "Fête de la violette"
    },
    {
        "id": 31,
        "jour": "10",
        "mois": "avril",
        "evenement": "Bataille de Toulouse"
    },
    {
        "id": 32,
        "jour": "10",
        "mois": "mai",
        "evenement": "Abolition esclavage"
    },
    {
        "id": 33,
        "jour": "10",
        "mois": "novembre",
        "evenement": "Saint-Martin"
    },
    {
        "id": 34,
        "jour": "11",
        "mois": "mai",
        "evenement": "Fête de la Nature"
    },
    {
        "id": 35,
        "jour": "11",
        "mois": "septembre",
        "evenement": "Fête des grands-parents"
    },
    {
        "id": 36,
        "jour": "11",
        "mois": "novembre",
        "evenement": "armistice 18"
    },
    {
        "id": 37,
        "jour": "12",
        "mois": "juillet",
        "evenement": "Orangistes"
    },
    {
        "id": 38,
        "jour": "13",
        "mois": "juillet",
        "evenement": "Retraite aux flambeaux"
    },
    {
        "id": 39,
        "jour": "13",
        "mois": "novembre",
        "evenement": "Diwali"
    },
    {
        "id": 40,
        "jour": "13",
        "mois": "décembre",
        "evenement": "Sainte-Lucie"
    },
    {
        "id": 41,
        "jour": "14",
        "mois": "février",
        "evenement": "Saint-Valentin"
    },
    {
        "id": 42,
        "jour": "14",
        "mois": "avril",
        "evenement": "Pessa'h"
    },
    {
        "id": 43,
        "jour": "14",
        "mois": "juillet",
        "evenement": "Fête Nationale"
    },
    {
        "id": 44,
        "jour": "14",
        "mois": "novembre",
        "evenement": "Beaujolais Nouveau"
    },
    {
        "id": 45,
        "jour": "15",
        "mois": "mars",
        "evenement": "Mi-Carême"
    },
    {
        "id": 46,
        "jour": "15",
        "mois": "aout",
        "evenement": "Assomption"
    },
    {
        "id": 47,
        "jour": "16",
        "mois": "mars",
        "evenement": "Pourim"
    },
    {
        "id": 48,
        "jour": "16",
        "mois": "septembre",
        "evenement": "Journée du Parimoine"
    },
    {
        "id": 49,
        "jour": "16",
        "mois": "octobre",
        "evenement": "Navratri"
    },
    {
        "id": 50,
        "jour": "17",
        "mois": "mars",
        "evenement": "Saint-Patrick - Carnaval"
    },
    {
        "id": 51,
        "jour": "17",
        "mois": "mai",
        "evenement": "Ascencion"
    },
    {
        "id": 52,
        "jour": "17",
        "mois": "juin",
        "evenement": "Fête des Pères"
    },
    {
        "id": 53,
        "jour": "18",
        "mois": "juin",
        "evenement": "Appel du 18 juin"
    },
    {
        "id": 54,
        "jour": "18",
        "mois": "aout",
        "evenement": "Aïd al-Fitr"
    },
    {
        "id": 55,
        "jour": "19",
        "mois": "mars",
        "evenement": "Saint-Joseph"
    },
    {
        "id": 56,
        "jour": "19",
        "mois": "aout",
        "evenement": "Libération de Toulouse"
    },
    {
        "id": 57,
        "jour": "20",
        "mois": "juillet",
        "evenement": "Ramadan"
    },
    {
        "id": 58,
        "jour": "20",
        "mois": "novembre",
        "evenement": "Journée de l'Enfant"
    },
    {
        "id": 59,
        "jour": "21",
        "mois": "février",
        "evenement": "Mardis Gras (crêpes)"
    },
    {
        "id": 60,
        "jour": "21",
        "mois": "juin",
        "evenement": "Fête de la Musique"
    },
    {
        "id": 61,
        "jour": "21",
        "mois": "novembre",
        "evenement": "thanksgiving (USA) - 3ème jeudi du mois"
    },
    {
        "id": 62,
        "jour": "22",
        "mois": "février",
        "evenement": "Carême"
    },
    {
        "id": 63,
        "jour": "22",
        "mois": "mai",
        "evenement": "Fête des voisins"
    },
    {
        "id": 64,
        "jour": "22",
        "mois": "novembre",
        "evenement": "Sainte Cécile"
    },
    {
        "id": 65,
        "jour": "23",
        "mois": "septembre",
        "evenement": "Fête de la Gastronomie"
    },
    {
        "id": 66,
        "jour": "24",
        "mois": "juin",
        "evenement": "Nativité de Saint Jean Baptiste (feux)"
    },
    {
        "id": 67,
        "jour": "24",
        "mois": "décembre",
        "evenement": "Réveillon"
    },
    {
        "id": 68,
        "jour": "25",
        "mois": "mars",
        "evenement": "Annonciation"
    },
    {
        "id": 69,
        "jour": "25",
        "mois": "juin",
        "evenement": "Fête du cinéma"
    },
    {
        "id": 70,
        "jour": "25",
        "mois": "aout",
        "evenement": "Saint-Louis"
    },
    {
        "id": 71,
        "jour": "25",
        "mois": "septembre",
        "evenement": "Journée des Harkis"
    },
    {
        "id": 72,
        "jour": "25",
        "mois": "octobre",
        "evenement": "Aïd el-Kebir"
    },
    {
        "id": 73,
        "jour": "25",
        "mois": "novembre",
        "evenement": "L'Avent"
    },
    {
        "id": 74,
        "jour": "25",
        "mois": "décembre",
        "evenement": "Noël"
    },
    {
        "id": 75,
        "jour": "26",
        "mois": "mai",
        "evenement": "Fête des Mères"
    },
    {
        "id": 76,
        "jour": "26",
        "mois": "septembre",
        "evenement": "Journée des Langues"
    },
    {
        "id": 77,
        "jour": "26",
        "mois": "octobre",
        "evenement": "Zombie Day"
    },
    {
        "id": 78,
        "jour": "26",
        "mois": "décembre",
        "evenement": "Saint Étienne"
    },
    {
        "id": 79,
        "jour": "27",
        "mois": "avril",
        "evenement": "Abolition de l’esclavage"
    },
    {
        "id": 80,
        "jour": "27",
        "mois": "mai",
        "evenement": "Pentecote (Feria)"
    },
    {
        "id": 81,
        "jour": "27",
        "mois": "décembre",
        "evenement": "Sainte Famille"
    },
    {
        "id": 82,
        "jour": "28",
        "mois": "février",
        "evenement": "Année Bissextile"
    },
    {
        "id": 83,
        "jour": "28",
        "mois": "mars",
        "evenement": "Carnaval Toulouse"
    },
    {
        "id": 84,
        "jour": "28",
        "mois": "aout",
        "evenement": "Ganesh Chaturthi"
    },
    {
        "id": 85,
        "jour": "28",
        "mois": "octobre",
        "evenement": "Fête des Sports"
    },
    {
        "id": 86,
        "jour": "29",
        "mois": "juin",
        "evenement": "Saints Pierre et Paul"
    },
    {
        "id": 87,
        "jour": "30",
        "mois": "avril",
        "evenement": "Sainte Trinité"
    },
    {
        "id": 88,
        "jour": "30",
        "mois": "mai",
        "evenement": "Sainte-Jeanne d'Arc"
    },
    {
        "id": 89,
        "jour": "30",
        "mois": "juin",
        "evenement": "Grand Fenétra"
    },
    {
        "id": 90,
        "jour": "31",
        "mois": "octobre",
        "evenement": "Halloween"
    },
    {
        "id": 91,
        "jour": "31",
        "mois": "décembre",
        "evenement": "Saint-Sylvestre"
    }
    {
        "id": 92,
        "jour": "20",
        "mois": "juin",
        "evenement": "Calendrier attique : nouvelle lune suivant le solstice d'été"
    },
    {
        "id": 93,
        "jour": "11",
        "mois": "janvier",
        "evenement": "Calendrier berbère : Yennayer (fondation de la XXIIe dynastie)"
    },
    {
        "id": 94,
        "jour": "14",
        "mois": "avril",
        "evenement": "Calendrier bingali : Pôhela Boishakh"
    },
    {
        "id": 95,
        "jour": "20",
        "mois": "janvier",
        "evenement": "Calendrier chinois"
    },
    {
        "id": 96,
        "jour": "19",
        "mois": "juillet",
        "evenement": "Calendrier égyptien antique : crue du Nil"
    },
    {
        "id": 97,
        "jour": "11",
        "mois": "septembre",
        "evenement": "Calendrier éthiopien"
    },
    {
        "id": 98,
        "jour": "1",
        "mois": "janvier",
        "evenement": "Calendrier fixe"
    },
    {
        "id": 99,
        "jour": "5",
        "mois": "septembre",
        "evenement": "Calendrier hébreu : Roch Hachana"
    },
    {
        "id": 100,
        "jour": "23",
        "mois": "janvier",
        "evenement": "Calendrier indou : Solstice Uttarayana"
    },
    {
        "id": 101,
        "jour": "14",
        "mois": "janvier",
        "evenement": "Calendrier julien"
    },
    {
        "id": 102,
        "jour": "27",
        "mois": "novembre",
        "evenement": "Calendrier liturgique romain (Avent)"
    },
    {
        "id": 103,
        "jour": "4",
        "mois": "janvier",
        "evenement": "Calendrier musulman : Hijir (1er Muharram)"
    },
    {
        "id": 104,
        "jour": "14",
        "mois": "mars",
        "evenement": "Calendrier Nanakshahi (Sikh) : 1 Chet"
    },
    {
        "id": 105,
        "jour": "21",
        "mois": "mars",
        "evenement": "Calendrier persan zoroastrien et Baha'i : équinoxe de printemps"
    },
    {
        "id": 106,
        "jour": "1",
        "mois": "janvier",
        "evenement": "Calendrier universel"
    }
]